<?xml version="1.0" encoding="UTF-8"?>
<!DOCTYPE mapper PUBLIC "-//mybatis.org//DTD Mapper 3.0//EN" "http://mybatis.org/dtd/mybatis-3-mapper.dtd">
<mapper namespace="com.example.hope_dog.mapper.centermypage.writeinfo.WriteInfoMapper">

<!--    회원 이름 조회-->
    <select id="writerInfo" parameterType="Long" resultType="String">
        SELECT CENTER_MEMBER_NAME
        FROM TBL_CENTER_MEMBER tcm
        WHERE CENTER_MEMBER_NO = #{centerMemberNo}
    </select>

<!--    커뮤니티 조회-->
    <select id="writeInfoCommuList" parameterType="Long" resultType="WriteInfoCommuListDTO">
        SELECT
            tc.COMMU_NO,
            tc.COMMU_CATE,
            tc.COMMU_TITLE,
            tc.COMMU_CONTENT,
            tc.COMMU_REGIDATE,
            COUNT(tcc.COMMU_NO) AS commentCount  -- 댓글 수 계산
        FROM
            TBL_COMMU tc
                LEFT JOIN
            TBL_COMMU_COMMENT tcc ON tc.COMMU_NO = tcc.COMMU_NO
        WHERE
            tc.COMMU_WRITER = #{centerMemberNo}
          AND tc.COMMU_CATE IN ('전체', '인기', '봉사후기', '질문', '자랑')
        GROUP BY
            tc.COMMU_NO,
            tc.COMMU_CATE,
            tc.COMMU_TITLE,
            tc.COMMU_CONTENT,
            tc.COMMU_REGIDATE
        ORDER BY
            CASE tc.COMMU_CATE
                WHEN '전체' THEN 1
                WHEN '인기' THEN 2
                WHEN '봉사후기' THEN 3
                WHEN '질문' THEN 4
                WHEN '자랑' THEN 5
                END,
            tc.COMMU_REGIDATE DESC
    </select>

<!--    봉사 작성글 조회-->
    <select id="writeInfoVolList" parameterType="Long" resultType="WriteInfoVolListDTO">
        SELECT
            tv.VOLUN_NO,
            tv.VOLUN_TITLE,
            tv.VOLUN_CONTENT,
            tv.VOLUN_REGIDATE,
            COUNT(tvc.VOLUN_COMMENT_NO) AS commentCount
        FROM
            TBL_VOLUN tv
                LEFT JOIN
            TBL_VOLUN_COMMENT tvc ON tv.VOLUN_NO = tvc.VOLUN_NO
        WHERE tv.CENTER_MEMBER_NO = #{centerMemberNo}
        GROUP BY
            tv.VOLUN_NO, tv.VOLUN_TITLE, tv.VOLUN_CONTENT, tv.VOLUN_REGIDATE
    </select>

    <select id="writeInfoAdoptList" parameterType="Long" resultType="WriteInfoAdoptListDTO">
        SELECT
            ta.ADOPT_NO,
            ta.ADOPT_TITLE,
            ta.ADOPT_CONTENT,
            ta.ADOPT_REGIDATE,
            COUNT(tac.ADOPT_COMMENT_NO) AS commentCount,
            CASE
                WHEN ta.ADOPT_STATUS = 'T' THEN '모집중'
                WHEN ta.ADOPT_STATUS = 'F' THEN '마감'
                END AS adoptStatus
        FROM
            TBL_ADOPT ta
                LEFT JOIN
            TBL_ADOPT_COMMENT tac ON ta.ADOPT_NO = tac.ADOPT_NO
        WHERE
            ta.CENTER_MEMBER_NO = #{cemterMemberNo}
        GROUP BY
            ta.ADOPT_NO,
            ta.ADOPT_TITLE,
            ta.ADOPT_CONTENT,
            ta.ADOPT_REGIDATE,
            ta.ADOPT_STATUS
        ORDER BY
            MAX(ta.ADOPT_REGIDATE) DESC,  -- 최신순으로 정렬
            CASE
                WHEN ta.ADOPT_STATUS = 'T' THEN 0  -- 모집중은 우선
                WHEN ta.ADOPT_STATUS = 'F' THEN 1  -- 마감은 뒤로
                END
    </select>

</mapper>
