<?xml version="1.0" encoding="UTF-8"?>
<!DOCTYPE mapper PUBLIC "-//mybatis.org//DTD Mapper 3.0//EN" "http://mybatis.org/dtd/mybatis-3-mapper.dtd">
<mapper namespace="com.example.hope_dog.mapper.notice.NoticeMapper">
<!--    공지 글 목록페이지-->
    <select id="noticeList" resultType="NoticeListDTO">
        SELECT
            N.NOTICE_TITLE,
            N.NOTICE_REGIDATE,
            A.ADMIN_ID,
            N.NOTICE_NO
        FROM
            TBL_NOTICE N
                JOIN
            TBL_ADMIN A ON N.ADMIN_NO = A.ADMIN_NO
        ORDER BY
            N.NOTICE_REGIDATE DESC
    </select>
<!--    공지 글 상세페이지-->
    <select id="noticeView" resultType="NoticeViewDTO">
        SELECT
            N.NOTICE_NO,
            N.ADMIN_NO,
            N.NOTICE_CATE,
            N.NOTICE_TITLE,
            N.NOTICE_CONTENT,
            N.NOTICE_REGIDATE,
            N.NOTICE_UPDATEDATE,
            A.ADMIN_ID
        FROM
            TBL_NOTICE N
                JOIN
            TBL_ADMIN A ON N.ADMIN_NO = A.ADMIN_NO
        WHERE N.NOTICE_NO = #{noticeNo}
    </select>


    <!-- 여기서 부터 페이지네이션 관련 쿼리문-->
    <!-- 기부 전체게시글 수 -->
    <select id="selectTotal" resultType="int">
        SELECT COUNT(NOTICE_NO) FROM TBL_NOTICE
    </select>

    <!-- 기부 페이지마다 표시할 게시글-->
    <select id="selectAllPage" parameterType="Criteria" resultType="NoticeListDTO">
    <![CDATA[
        SELECT
            N.NOTICE_TITLE,
            N.NOTICE_REGIDATE,
            A.ADMIN_ID,
            N.NOTICE_NO
        FROM (
                 SELECT
                     NOTICE_NO,
                     NOTICE_TITLE,
                     NOTICE_REGIDATE,
                     ADMIN_NO,  -- ADMIN_NO를 추가합니다.
                     ROWNUM AS RNUM
                 FROM (
                          SELECT
                              N.NOTICE_NO,
                              N.NOTICE_TITLE,
                              N.NOTICE_REGIDATE,
                              N.ADMIN_NO  -- ADMIN_NO를 선택합니다.
                          FROM TBL_NOTICE N
                          ORDER BY N.NOTICE_REGIDATE DESC
                      )
                 WHERE ROWNUM <= #{page} * #{amount}
             ) N
                 JOIN TBL_ADMIN A ON N.ADMIN_NO = A.ADMIN_NO
        WHERE N.RNUM > (#{page} - 1) * #{amount}
        ]]>



    </select>
    <!-- 여기까지 페이지네이션+게시글목록불러오기 -->


    <!--    <insert id="insertBoard" parameterType="BoardWriteDTO">-->
    <!--        <selectKey keyProperty="boardId" resultType="Long" order="BEFORE">-->
    <!--            SELECT SEQ_BOARD.NEXTVAL FROM DUAL-->
    <!--        </selectKey>-->
    <!--        INSERT INTO TBL_BOARD (BOARD_ID, TITLE, CONTENT, USER_ID)-->
    <!--        VALUES (#{boardId}, #{title}, #{content}, #{userId})-->
    <!--    </insert>-->

    <!--    <update id="updateBoard" parameterType="BoardUpdateDTO">-->
    <!--        UPDATE TBL_BOARD-->
    <!--        SET TITLE = #{title}, CONTENT=#{content}, MODIFIED_DATE = SYSDATE-->
    <!--        WHERE BOARD_ID = #{boardId}-->
    <!--    </update>-->

<!--    <select id="selectById" parameterType="Long" resultType="NoticeViewDTO">-->
<!--        SELECT NOTICE_NO, NOTICE_CATE, NOTICE_TITLE, NOTICE_CONTENT, NOTICE_REGIDATE, NOTICE_UPDATEDATE-->
<!--            ADMIN_NO, A.ADMIN_ID-->
<!--        FROM TBL_NOTICE N JOIN TBL_ADMIN A-->
<!--                               ON N.ADMIN_NO = #{noticeNo} AND N.ADMIN.NO = A.ADMIN_NO-->
<!--        ORDER BY NOTICE_REGIDATE DESC-->
<!--    </select>-->

<!--    <select id="selectAll" resultType="NoticeListDTO">-->
<!--        SELECT NOTICE_NO, NOTICE_TITLE, A.ADMIN_NO-->
<!--        FROM TBL_NOTICE N JOIN TBL_ADMIN A-->
<!--                               ON N.ADMIN_NO = A.ADMIN_NO-->
<!--        ORDER BY NOTICE_NO DESC-->
<!--    </select>-->

<!--    <select id="selectTotal" resultType="int">-->
<!--        SELECT COUNT(NOTICE_NO) FROM TBL_NOTICE-->
<!--    </select>-->

<!--    <select id="selectAllPage" parameterType="Criteria" resultType="NoticeListDTO">-->
<!--    <![CDATA[-->
<!--        SELECT NOTICE_NO, NOTICE_TITLE, LOGIN_ID, FILE_ID, NAME, UPLOAD_PATH, UUID-->
<!--        FROM (-->
<!--                 SELECT ROWNUM AS RNUM, BOARD_ID, TITLE, LOGIN_ID, FILE_ID, NAME, UPLOAD_PATH, UUID-->
<!--                 FROM (-->
<!--                          SELECT B.BOARD_ID, TITLE, U.LOGIN_ID,-->
<!--                                 F.FILE_ID, F.NAME, F.UPLOAD_PATH, F.UUID-->
<!--                          FROM TBL_BOARD B JOIN TBL_USER U-->
<!--                                                ON B.USER_ID = U.USER_ID-->
<!--                                           LEFT JOIN (-->
<!--                              SELECT FILE_ID, NAME, UPLOAD_PATH, UUID, BOARD_ID-->
<!--                              FROM (-->
<!--                                       SELECT FILE_ID, NAME, UPLOAD_PATH, UUID, BOARD_ID,-->
<!--                                              RANK() OVER(PARTITION BY BOARD_ID ORDER BY FILE_ID) RK-->
<!--                                       FROM TBL_FILE-->
<!--                                   )-->
<!--                              WHERE RK = 1-->
<!--                          ) F-->
<!--                                                     ON B.BOARD_ID = F.BOARD_ID-->
<!--                          ORDER BY BOARD_ID DESC-->
<!--                      )-->
<!--                 WHERE ROWNUM <= #{page} * #{amount}-->
<!--             )-->
<!--        WHERE RNUM > (#{page} - 1) * #{amount}-->
<!--        ]]>-->

    <!--    <delete id="deleteBoard" parameterType="long">-->
    <!--        DELETE FROM TBL_BOARD-->
    <!--        WHERE BOARD_ID = #{boardId}-->
    <!--    </delete>-->


</mapper>

